"dates","current_taxes","personal_inc","employee_comp","dis_personal_inc","pce","personal_saving","population","ACMTP01","ACMTP02","ACMTP05","ACMTP07","ACMTP10","DFF","DGS1","DGS5","DGS10","gdp","domestic_investment","govt_spending","fed_govt_spending","public_debt","Bill","Bond","Note","private_total_workers","private_average_worked_hours","private_average_hourly_wages","federal_employees","firm_capital"
1947-04-01,36860,NA,NA,NA,NA,NA,NA,NA,NA,NA,NA,NA,NA,NA,NA,NA,243164,35854,40274,26956,NA,NA,NA,NA,NA,NA,NA,NA,24818
1947-07-01,36316,NA,NA,NA,NA,NA,NA,NA,NA,NA,NA,NA,NA,NA,NA,NA,245968,34505,40138,26424,NA,NA,NA,NA,NA,NA,NA,NA,25171
1947-10-01,36264,NA,NA,NA,NA,NA,NA,NA,NA,NA,NA,NA,NA,NA,NA,NA,249585,34911,39361,25038,NA,NA,NA,NA,NA,NA,NA,NA,25361
1948-01-01,38744,NA,NA,NA,NA,NA,NA,NA,NA,NA,NA,NA,NA,NA,NA,NA,259745,43250,39534,24525,NA,NA,NA,NA,NA,NA,NA,NA,26540
1948-04-01,38952,NA,NA,NA,NA,NA,NA,NA,NA,NA,NA,NA,NA,NA,NA,NA,265742,47202,40875,25350,NA,NA,NA,NA,NA,NA,NA,NA,28231
1948-07-01,37684,NA,NA,NA,NA,NA,NA,NA,NA,NA,NA,NA,NA,NA,NA,NA,272567,50336,42884,26585,NA,NA,NA,NA,NA,NA,NA,NA,28050
1948-10-01,36740,NA,NA,NA,NA,NA,NA,NA,NA,NA,NA,NA,NA,NA,NA,NA,279196,52516,44660,27485,NA,NA,NA,NA,NA,NA,NA,NA,29081
1949-01-01,36528,NA,NA,NA,NA,NA,NA,NA,NA,NA,NA,NA,NA,NA,NA,NA,280366,51334,46603,28744,NA,NA,NA,NA,NA,NA,NA,NA,30160
1949-04-01,34424,NA,NA,NA,NA,NA,NA,NA,NA,NA,NA,NA,NA,NA,NA,NA,275034,43140,48585,30182,NA,NA,NA,NA,NA,NA,NA,NA,28583
1949-07-01,32520,NA,NA,NA,NA,NA,NA,NA,NA,NA,NA,NA,NA,NA,NA,NA,271351,36241,50381,31243,NA,NA,NA,NA,NA,NA,NA,NA,27476
1949-10-01,32324,NA,NA,NA,NA,NA,NA,NA,NA,NA,NA,NA,NA,NA,NA,NA,272889,39549,50356,30476,NA,NA,NA,NA,NA,NA,NA,NA,26112
1950-01-01,31336,NA,NA,NA,NA,NA,NA,NA,NA,NA,NA,NA,NA,NA,NA,NA,270627,37468,49910,29790,NA,NA,NA,NA,NA,NA,NA,NA,25628
1950-04-01,35864,NA,NA,NA,NA,NA,NA,NA,NA,NA,NA,NA,NA,NA,NA,NA,280828,46749,48956,28544,NA,NA,NA,NA,NA,NA,NA,NA,26386
1950-07-01,40024,NA,NA,NA,NA,NA,NA,NA,NA,NA,NA,NA,NA,NA,NA,NA,290383,52291,49643,28924,NA,NA,NA,NA,NA,NA,NA,NA,28855
1950-10-01,46116,NA,NA,NA,NA,NA,NA,NA,NA,NA,NA,NA,NA,NA,NA,NA,308153,58641,49746,28428,NA,NA,NA,NA,NA,NA,NA,NA,31910
1951-01-01,50492,NA,NA,NA,NA,NA,NA,NA,NA,NA,NA,NA,NA,NA,NA,NA,319945,68441,53713,31776,NA,NA,NA,NA,NA,NA,NA,NA,32919
1951-04-01,57628,NA,NA,NA,NA,NA,NA,NA,NA,NA,NA,NA,NA,NA,NA,NA,336000,64582,62033,39574,NA,NA,NA,NA,NA,NA,NA,NA,33139
1951-07-01,54644,NA,NA,NA,NA,NA,NA,NA,NA,NA,NA,NA,NA,NA,NA,NA,344090,67383,69821,46602,NA,NA,NA,NA,NA,NA,NA,NA,34124
1951-10-01,54028,NA,NA,NA,NA,NA,NA,NA,NA,NA,NA,NA,NA,NA,NA,NA,351385,61981,78046,54303,NA,NA,NA,NA,NA,NA,NA,NA,34843
1952-01-01,57644,NA,NA,NA,NA,NA,NA,NA,NA,NA,NA,NA,NA,NA,NA,NA,356178,57084,83314,59311,NA,NA,NA,NA,NA,NA,NA,NA,34642
1952-04-01,57484,NA,NA,NA,NA,NA,NA,NA,NA,NA,NA,NA,NA,NA,NA,NA,359820,58132,84998,60899,NA,NA,NA,NA,NA,NA,NA,NA,35131
1952-07-01,57676,NA,NA,NA,NA,NA,NA,NA,NA,NA,NA,NA,NA,NA,NA,NA,361030,53004,88987,64067,NA,NA,NA,NA,NA,NA,NA,NA,35765
1952-10-01,58076,NA,NA,NA,NA,NA,NA,NA,NA,NA,NA,NA,NA,NA,NA,NA,367701,57220,90931,66178,NA,NA,NA,NA,NA,NA,NA,NA,32892
1953-01-01,61040,NA,NA,NA,NA,NA,NA,NA,NA,NA,NA,NA,NA,NA,NA,NA,380812,60737,93418,68116,NA,NA,NA,NA,NA,NA,NA,NA,35816
1953-04-01,62704,NA,NA,NA,NA,NA,NA,NA,NA,NA,NA,NA,NA,NA,NA,NA,387980,61663,95764,69659,NA,NA,NA,NA,NA,NA,NA,NA,37791
1953-07-01,62960,NA,NA,NA,NA,NA,NA,NA,NA,NA,NA,NA,NA,NA,NA,NA,391749,62115,97925,71950,NA,NA,NA,NA,NA,NA,NA,NA,38465
1953-10-01,62000,NA,NA,NA,NA,NA,NA,NA,NA,NA,NA,NA,NA,NA,NA,NA,391171,61435,96622,69969,NA,NA,NA,NA,NA,NA,NA,NA,39614
1954-01-01,56928,NA,NA,NA,NA,NA,NA,NA,NA,NA,NA,NA,NA,NA,NA,NA,385970,56446,96747,69519,NA,NA,NA,NA,NA,NA,NA,NA,39200
1954-04-01,53236,NA,NA,NA,NA,NA,NA,NA,NA,NA,NA,NA,NA,NA,NA,NA,385345,55717,94831,66734,NA,NA,NA,NA,NA,NA,NA,NA,38332
1954-07-01,53360,NA,NA,NA,NA,NA,NA,NA,NA,NA,NA,NA,1.13,NA,NA,NA,386121,55449,92534,63692,NA,NA,NA,NA,NA,NA,NA,NA,38159
1954-10-01,54012,NA,NA,NA,NA,NA,NA,NA,NA,NA,NA,NA,0.5,NA,NA,NA,390996,58971,91148,61352,NA,NA,NA,NA,NA,NA,NA,NA,38879
1955-01-01,55992,NA,NA,NA,NA,NA,NA,NA,NA,NA,NA,NA,1.44,NA,NA,NA,399734,62139,91356,61244,NA,NA,NA,NA,NA,NA,NA,NA,38890
1955-04-01,59228,NA,NA,NA,NA,NA,NA,NA,NA,NA,NA,NA,1.44,NA,NA,NA,413073,68702,91869,60720,NA,NA,NA,NA,NA,NA,NA,NA,39480
1955-07-01,61024,NA,NA,NA,NA,NA,NA,NA,NA,NA,NA,NA,1.69,NA,NA,NA,421532,72688,92533,60849,NA,NA,NA,NA,NA,NA,NA,NA,42063
1955-10-01,62492,NA,NA,NA,NA,NA,NA,NA,NA,NA,NA,NA,2.19,NA,NA,NA,430221,74747,94099,61923,NA,NA,NA,NA,NA,NA,NA,NA,44826
1956-01-01,64132,NA,NA,NA,NA,NA,NA,NA,NA,NA,NA,NA,2.5,NA,NA,NA,437092,78882,93331,60570,NA,NA,NA,NA,NA,NA,NA,NA,47085
1956-04-01,63936,NA,NA,NA,NA,NA,NA,NA,NA,NA,NA,NA,2.5,NA,NA,NA,439746,78303,94848,60989,NA,NA,NA,NA,NA,NA,NA,NA,47772
1956-07-01,65176,NA,NA,NA,NA,NA,NA,NA,NA,NA,NA,NA,2.75,NA,NA,NA,446010,77020,98247,63516,NA,NA,NA,NA,NA,NA,NA,NA,49062
1956-10-01,64956,NA,NA,NA,NA,NA,NA,NA,NA,NA,NA,NA,3,NA,NA,NA,451191,78267,98279,62796,NA,NA,NA,NA,NA,NA,NA,NA,50746
1957-01-01,67636,NA,NA,NA,NA,NA,NA,NA,NA,NA,NA,NA,3,NA,NA,NA,460463,77145,101345,65158,NA,NA,NA,NA,NA,NA,NA,NA,51410
1957-04-01,68528,NA,NA,NA,NA,NA,NA,NA,NA,NA,NA,NA,3,NA,NA,NA,469779,77728,105342,67892,NA,NA,NA,NA,NA,NA,NA,NA,52465
1957-07-01,67940,NA,NA,NA,NA,NA,NA,NA,NA,NA,NA,NA,3,NA,NA,NA,472025,77907,105842,67524,NA,NA,NA,NA,NA,NA,NA,NA,52640
1957-10-01,67792,NA,NA,NA,NA,NA,NA,NA,NA,NA,NA,NA,3.5,NA,NA,NA,479490,79339,107405,68355,NA,NA,NA,NA,NA,NA,NA,NA,54066
1958-01-01,65160,NA,NA,NA,NA,NA,NA,NA,NA,NA,NA,NA,3,NA,NA,NA,474864,71045,110062,70043,NA,NA,NA,NA,NA,NA,NA,NA,53215
1958-04-01,61632,NA,NA,NA,NA,NA,NA,NA,NA,NA,NA,NA,0.25,NA,NA,NA,467540,66730,109843,68738,NA,NA,NA,NA,NA,NA,NA,NA,49369
1958-07-01,61632,NA,NA,NA,NA,NA,NA,NA,NA,NA,NA,NA,0.25,NA,NA,NA,471978,65065,113624,71549,NA,NA,NA,NA,NA,NA,NA,NA,47830
1958-10-01,64800,NA,NA,NA,NA,NA,NA,NA,NA,NA,NA,NA,1,NA,NA,NA,485841,71999,115093,71885,NA,NA,NA,NA,NA,NA,NA,NA,47435
1959-01-01,68412,NA,NA,NA,NA,NA,NA,NA,NA,NA,NA,NA,2.38,NA,NA,NA,499555,80001,117992,73912,NA,NA,NA,NA,NA,NA,NA,NA,49332
1959-04-01,70632,396493,281917,355198,312702,36538,176274,NA,NA,NA,NA,NA,2.25,NA,NA,NA,510330,83166,117195,72367,NA,NA,NA,NA,NA,NA,NA,NA,50942
1959-07-01,74056,404810,288320,362576,318193,38219,176954,NA,NA,NA,NA,NA,2.75,NA,NA,NA,522653,89381,118535,73580,NA,NA,NA,NA,NA,NA,NA,NA,52735
1959-10-01,72152,405080,286443,362258,324228,31611,177755,NA,NA,NA,NA,NA,4,NA,NA,NA,525034,83606,119492,74532,NA,NA,NA,NA,NA,NA,NA,NA,54421
1960-01-01,72496,414606,293922,370244,322871,40730,178504,NA,NA,NA,NA,NA,4,NA,NA,NA,528600,86524,118608,73836,NA,NA,NA,NA,NA,NA,NA,NA,54398
1960-04-01,77184,417638,299450,371945,330150,34996,179707,NA,NA,NA,NA,NA,4,NA,NA,NA,542648,96476,116951,70981,NA,NA,NA,NA,NA,NA,NA,NA,56322
1960-07-01,75816,422568,301963,376456,330102,39327,180728,NA,NA,NA,NA,NA,3.25,NA,NA,NA,541080,87096,118380,71066,NA,NA,NA,NA,NA,NA,NA,NA,57188
1960-10-01,75240,424918,302474,378278,333397,37679,181567,NA,NA,NA,NA,NA,3,NA,NA,NA,545604,86377,122419,74161,NA,NA,NA,NA,NA,NA,NA,NA,56165
1961-01-01,73980,424408,300202,378164,331307,39511,182225,NA,NA,NA,NA,NA,3,NA,NA,NA,540197,75963,124330,75291,NA,NA,NA,NA,NA,NA,NA,NA,55882
1961-04-01,73820,431860,303906,385231,337664,40162,182867,NA,NA,NA,NA,NA,2,NA,NA,NA,545018,78378,126218,75281,NA,NA,NA,NA,NA,NA,NA,NA,55012
1961-07-01,75660,440457,309767,393346,340857,45090,183572,-0.0743327210983882,-0.0104737711586549,0.13239211763177,0.159056274712524,0.176280131180086,0.5,NA,NA,NA,555545,84108,127254,76174,NA,NA,NA,NA,NA,NA,NA,NA,56198
1961-10-01,77316,444338,313181,396684,344368,44808,184384,-0.00925658704678511,0.0557945767072465,0.170948166218207,0.194828356303514,0.216441518484966,1.5,NA,NA,NA,567664,90917,129961,78136,NA,NA,NA,NA,NA,NA,NA,NA,56712
1962-01-01,80288,455565,321199,407147,352398,47110,185129,-0.296878774479459,-0.287062244970953,-0.0824826938441094,-0.0791945819128914,-0.123712842634777,2.5,NA,NA,NA,580612,92931,133516,79925,NA,NA,NA,NA,NA,NA,NA,NA,58473
1962-04-01,80136,462901,328346,413081,357353,48009,185762,-0.0676570284016025,-0.0162141427827436,0.172243114600269,0.240597054050888,0.306364275552752,2.75,2.97,3.61,3.86,594013,98074,137107,83331,NA,NA,NA,NA,NA,NA,NA,NA,59656
1962-07-01,81324,467695,332149,416208,360389,47836,186426,-0.156979109679482,-0.106618986995947,0.130248304803724,0.198979190923581,0.251847712294231,2.75,3.2,3.76,4,600366,96706,138426,84127,NA,NA,NA,NA,NA,NA,NA,NA,61356
1962-10-01,83648,473667,335788,420969,368757,43982,187191,-0.156885364602507,-0.0845747467458775,0.260666746347385,0.380019728287612,0.479980647054205,3,3,3.64,3.93,609027,98160,142052,87019,NA,NA,NA,NA,NA,NA,NA,NA,62101
1963-01-01,84796,479836,339055,425888,373621,43849,187905,-0.0410750397829731,-0.00381957424044055,0.180025833055919,0.28431698297013,0.406022929820121,3,3.05,3.56,3.85,612280,94968,143562,87596,NA,NA,NA,NA,NA,NA,NA,NA,61819
1963-04-01,85448,483718,344422,429391,375016,45648,188484,-0.0640984215915221,0.000439127125510197,0.238126142897892,0.329309352981435,0.418173982410247,3,3.1,3.7,3.95,621672,99689,143724,86208,NA,NA,NA,NA,NA,NA,NA,NA,61973
1963-07-01,87496,491252,350206,436621,381683,45947,189130,-0.152886763054132,-0.0934307936756613,0.161863622047655,0.2351815109006,0.290988430776946,3,3.22,3.82,4.01,629752,101650,144132,85764,NA,NA,NA,NA,NA,NA,NA,NA,63883
1963-10-01,88356,498166,354824,443522,385488,48658,189895,-0.164533070700793,-0.139617481842837,0.060293105105762,0.130471109168142,0.195420825060296,3.5,3.59,3.93,4.07,644444,104612,149927,89876,NA,NA,NA,NA,NA,NA,NA,NA,65712
1964-01-01,89540,508379,361146,452828,394684,48523,190570,-0.147029266854361,-0.136237845743698,-0.0434708228742018,-0.00646558787343121,0.0397076683769386,3.25,3.83,4.06,4.14,653938,107189,150989,89653,NA,NA,NA,NA,NA,NA,NA,NA,67669
1964-04-01,87560,517042,367970,468514,401801,56906,191146,0.067294394774049,0.156825612250614,0.101081975777077,0.116655876699415,0.187795460713222,3.5,3.95,4.17,4.23,669822,110474,152554,90084,NA,NA,NA,NA,40171,38.5,2.51,2472,69113
1964-07-01,83648,526349,374679,476165,411355,54655,191778,-0.0499090046393773,-0.0342758431121082,0.0360201605373569,0.0700241342499486,0.118138454132312,3.5,3.78,4.01,4.15,678674,110518,154314,90125,NA,NA,NA,NA,40447,38.6,2.53,2446,71075
1964-10-01,85964,536307,382299,484180,416618,57054,192504,-0.105996089111577,-0.099891334155779,0.0207959890979188,0.0814588900251638,0.154958052568819,3.5,3.84,4.05,4.18,692031,112631,156033,90847,NA,NA,NA,NA,41028,38.5,2.56,2454,73406
1965-01-01,87432,547457,390089,493540,421001,61838,193131,-0.216037292156918,-0.210571675108412,-0.084812448126482,-0.0370042228518503,0.0162107764129003,4,3.99,4.12,4.21,697319,114984,156152,89968,NA,NA,NA,NA,41308,38.7,2.58,2467,75324
1965-04-01,93352,555418,395148,497668,433297,53519,193625,-0.126736733756696,-0.140548489212984,-0.0446862346698511,0.0145520041543747,0.0919062160105204,4.13,4.03,4.14,4.2,717790,126542,157025,89493,NA,NA,NA,NA,41675,38.7,2.61,2474,80230
1965-07-01,94828,566193,402376,507841,435243,61263,194195,-0.204099667095597,-0.208969107489719,-0.0506811917875325,0.0139311072940647,0.0815825364844471,4.13,3.97,4.15,4.2,730191,127052,159808,90116,NA,NA,NA,NA,42183,38.6,2.63,2470,83382
1965-10-01,92916,587241,411280,529899,452006,66363,194879,-0.212714807357524,-0.229102636359805,-0.0843741994904521,-0.0150792404289417,0.0648528417576228,4.13,4.37,4.34,4.36,749323,131237,166761,94476,NA,NA,NA,NA,42726,38.6,2.65,2511,86686
1966-01-01,96116,595536,424125,536252,461673,62892,195456,-0.101475275936559,-0.0914347640552142,0.0197687818251993,0.101042055984505,0.218642589370523,4.63,4.96,4.88,4.65,771857,133752,172619,98697,320999,NA,NA,NA,43271,38.6,2.67,2548,90645
1966-04-01,98692,607858,437003,545160,475031,58261,195915,-0.0450334626860389,0.00783007815559689,0.0828897589147148,0.153531648576329,0.271266303313979,4.75,4.89,4.81,4.7,795734,144200,177032,101202,316097,NA,NA,NA,43802,38.7,2.7,2616,94382
1966-07-01,102972,616748,448414,550186,475524,62470,196466,-0.0160594839481218,-0.00578320797735898,0.133099720126598,0.22882911447378,0.361991228775586,5.5,5.05,5.11,4.99,804981,143501,181659,104010,324748,NA,NA,NA,44390,38.5,2.73,2688,96823
1966-10-01,104296,631693,458468,563222,489159,61682,197096,-0.096300734214612,-0.0311412073883606,0.146362886015063,0.262904646198291,0.428274812100573,5.75,5.62,5.34,5.02,819638,143194,189466,109934,329319,NA,NA,NA,44659,38.3,2.76,2742,98325
1967-01-01,106272,642013,465668,570668,491843,66238,197654,-0.162343394071584,-0.151884876334849,-0.0451981639890766,0.036557182813806,0.156786199319937,5,5,4.8,4.64,833302,145855,193621,111155,330947,NA,NA,NA,44915,38.2,2.78,2799,99163
1967-04-01,105788,653878,471453,583031,495797,74426,198122,-0.20385258734818,-0.172190245784723,0.0335929327159548,0.107877109835504,0.183408001258738,4.5,4.13,4.42,4.5,844170,142811,202588,117935,322893,NA,NA,NA,44990,37.9,2.81,2835,97999
1967-07-01,105568,661591,478677,590161,506814,69986,198627,0.249210340428136,0.378251364445106,0.464846284608059,0.544742344953805,0.685603677878612,3.5,4.97,5.35,5.22,848983,137495,203811,117918,335896,NA,NA,NA,45003,37.8,2.85,2860,98297
1967-10-01,108372,675043,488094,600242,515622,71500,199212,0.0830210200152521,0.159008201499587,0.302991868733002,0.405358265935651,0.558332808378364,3.75,5.27,5.38,5.31,865233,142835,208379,120961,344663,NA,NA,NA,45236,37.8,2.88,2869,98785
1968-01-01,111940,687357,501362,610541,525145,72164,199733,-0.00164279280632584,0.0900402497344723,0.39559825776012,0.547788113538926,0.734856838932749,4.5,5.76,5.78,5.7,881439,147653,213293,123209,349473,NA,NA,NA,45799,37.7,2.92,2876,101744
1968-04-01,118228,710768,515775,631566,544333,73647,200132,0.17459127987262,0.374772344527387,0.5259010270795,0.637277008534834,0.822778279491867,5.5,5.54,5.64,5.64,909387,152288,219749,126409,345369,NA,NA,NA,46040,37.7,2.97,2859,105582
1968-07-01,121904,728274,528681,645640,556253,75355,200621,0.319724334622275,0.464451587817316,0.767638921310196,1.0223110487755,1.37699090516913,6.13,5.9,5.77,5.62,934344,158943,223637,127154,354743,NA,NA,NA,46402,37.8,3.01,2908,105299
1968-10-01,132152,747434,542421,652118,568203,69335,201193,-0.166721346718874,-0.0382967552310509,0.42023847876994,0.586645577106865,0.750622577136517,6,5.45,5.48,5.49,950825,155683,227370,128537,358029,NA,NA,NA,46791,37.7,3.07,2868,107609
1969-01-01,136584,762615,554278,665681,576540,74179,201691,-0.150937761169622,0.0105564165685736,0.439288921879514,0.626561953183344,0.845794810943371,4,6.46,6.33,6.16,968030,160760,231347,129749,359546,NA,NA,NA,47386,37.5,3.11,2849,112182
1969-04-01,143020,778950,567928,673277,588862,68943,202092,0.021908276494349,0.123402404391183,0.493053224161346,0.688458293562962,0.928802316335695,6.63,6.24,6.32,6.25,993337,172388,233705,129608,352895,NA,NA,NA,47852,37.6,3.16,2889,115993
1969-07-01,145064,797057,581736,693887,600869,76862,202592,0.317339473116226,0.314608790570579,0.297436002274644,0.438949380470893,0.707715633090501,8.75,7.67,7.02,6.75,1009020,172721,236859,129782,360685,NA,NA,NA,48329,37.5,3.21,2928,118368
1969-10-01,141652,817695,598030,712586,613239,82827,203196,-0.291820130765301,-0.23871958681038,0.0905494256729362,0.122867123471737,0.128779085760618,8,8.03,8.04,7.52,1029956,177564,242535,133392,368226,NA,NA,NA,48524,37.5,3.26,2896,122408
1970-01-01,142068,831899,608471,725656,622768,85927,203762,-0.218809276572516,-0.208110111172482,0.0187545342809434,0.0810029455969996,0.161054387875117,5,8.32,8.22,7.88,1038147,171573,242838,131991,372007,NA,NA,NA,48639,37.5,3.31,2861,123284
1970-04-01,135748,847103,618848,742022,632334,92376,204246,0.148738012887121,0.338076323148249,0.765425987350012,0.938970934440727,1.14573597630892,8,6.82,7.18,7.04,1051200,168113,247889,133559,370094,NA,NA,NA,48690,37.2,3.36,2921,123796
1970-07-01,136872,862568,623407,756629,646268,92726,204941,0.561636169488889,0.829162586277464,1.18230899595439,1.39149075529137,1.69181312497028,7,7.35,7.69,7.64,1067375,171455,249143,131760,378678,NA,NA,NA,48225,36.9,3.4,2867,125008
1970-10-01,132800,878387,628588,777272,659068,100301,205664,0.354386617986111,0.63498501259247,1.17180071597685,1.41394867492656,1.70628763250994,6.5,6.58,7.19,7.29,1086059,173904,254584,132360,389158,NA,NA,NA,48101,36.8,3.45,2829,126255
1971-01-01,132300,889210,634250,787503,665608,103703,206352,0.362833092611265,0.639100752681792,1.07846000883155,1.24871477278112,1.44689439685446,3,4.94,5.98,6.5,1088608,166754,258708,133540,391668,NA,NA,NA,47779,36.8,3.5,2824,123520
1971-04-01,133248,909014,651429,810021,682000,109429,206960,0.470567557303549,0.856013251552994,1.64480171522507,2.00561764569666,2.40059061607597,4,3.96,5.16,5.58,1135156,189495,261905,133347,397305,NA,NA,NA,47820,36.7,3.56,2806,126281
1971-07-01,134872,943819,663601,842642,699781,123792,207562,0.554204011838678,0.83172561634625,1.18095798137818,1.35840214700976,1.60280519152086,5.25,6.18,6.83,6.69,1156271,197329,266118,134252,412268,NA,NA,NA,48109,36.8,3.62,2827,129481
1971-10-01,135276,947729,674308,844744,712999,112112,208230,0.248995294577534,0.478304640694782,0.91580986794772,1.09500152022346,1.30143217800284,5.38,5.24,6.04,6,1177675,202058,269783,135604,424131,NA,NA,NA,48364,36.7,3.67,2848,131190
1972-01-01,137648,967443,689853,860212,728438,111578,208829,0.287159123284463,0.585706787993707,1.19499799256246,1.43200689924694,1.68030697068894,3,4.46,5.5,5.89,1190297,198411,272067,134712,427344,NA,NA,NA,48613,36.9,3.73,2824,134711
1972-04-01,150632,995594,714773,872881,749188,103083,209299,0.47984902205137,0.75116770980897,1.07853572471868,1.21808103188746,1.40200282347407,4,5.11,6.1,6.12,1230609,212968,282228,141416,426435,NA,NA,NA,49437,36.9,3.84,2823,140585
1972-07-01,153080,1009222,726888,886371,761589,103630,209811,0.322908569810739,0.56792768349868,0.966307181747768,1.12808749036502,1.32144808060391,4.5,5.15,6,6.15,1266369,226798,286464,144235,433946,NA,NA,NA,49997,36.9,3.88,2814,143976
1972-10-01,155100,1039975,742339,914562,781143,111959,210379,0.320692070400636,0.560867423271183,0.967211753590793,1.14196159763875,1.35514662922693,4.88,5.61,6.18,6.54,1290566,233090,284316,138763,448473,NA,NA,NA,50232,36.9,3.94,2807,147015
1973-01-01,161256,1086633,765335,959153,806112,131186,210903,0.248958345040774,0.44408500913943,0.810968803682611,0.982676380763166,1.19796487083835,5.5,5.68,6.26,6.41,1328904,239715,291749,142167,458606,NA,NA,NA,51053,36.8,4,2812,154967
1973-04-01,163716,1104376,791997,979710,832750,124831,211337,0.134785178624434,0.206426627253753,0.450760134243585,0.636382911576196,0.902030436743915,7.38,7.09,6.81,6.73,1377490,254313,299571,146354,457317,NA,NA,NA,51903,37,4.06,2798,162839
1973-07-01,166456,1134726,808964,1003694,844298,136750,211828,0.0316587779342212,-0.130808116810927,0.229231082572037,0.466662140303957,0.744477492832479,8.88,7.74,6.9,6.94,1413887,268196,302709,146517,460614,NA,NA,NA,52235,36.9,4.12,2790,171283
1973-10-01,168660,1163400,826476,1027397,869246,135087,212382,0.118347846084446,0.176077302806131,0.512001308948309,0.803987445897755,1.20714896786971,10.9,7.55,6.75,6.91,1433838,264335,304189,144240,469073,NA,NA,NA,52413,36.8,4.2,2788,176642
1974-01-01,175876,1199206,847924,1057280,876619,156038,212859,-0.199826017613955,-0.145981905442941,0.393835780156876,0.686540225912582,1.02751220500306,9.83,7.3,6.83,6.9,1476289,280858,312593,147630,473675,NA,NA,NA,52950,36.7,4.25,2813,180142
1974-04-01,177044,1213062,863144,1068567,901400,143607,213286,-0.161583439997852,-0.0873363977298967,0.42748438380095,0.712992775244814,1.06103956175393,10.01,8.34,7.67,7.42,1491209,268361,324586,152687,474235,NA,NA,NA,52955,36.6,4.32,2838,183404
1974-07-01,184556,1243688,887589,1091797,928033,139619,213770,0.0915492019900874,0.171102652297193,0.450616190178051,0.641231722670002,0.918045420305638,14.33,9,8.38,7.65,1530056,277391,334957,154877,481466,NA,NA,NA,53109,36.5,4.44,2859,188818
1974-10-01,193832,1280662,907913,1124452,955059,144515,214349,0.375340463069683,0.550507358876584,0.919231954559252,1.17266136955802,1.53039832248755,11.3,8.32,8.11,7.97,1560026,271013,346710,160404,492664,NA,NA,NA,52917,36.4,4.53,2876,194485
1975-01-01,190652,1305409,914130,1147757,961818,160349,214857,0.166727159394665,0.381266869788056,0.805892960662741,1.03976231677465,1.34894190303249,3.87,7.35,7.36,7.4,1599679,281339,359228,167370,509659,NA,NA,NA,51853,36.1,4.6,2874,197569
1975-04-01,183944,1324213,920923,1166028,990575,148575,215276,0.582284206287866,0.972780024153668,1.44259421521477,1.65810963832087,1.9462111116301,5.48,6.53,7.65,8.08,1616116,244306,370138,168635,533188,NA,NA,NA,50667,35.7,4.67,2875,193137
1975-07-01,150556,1375775,939211,1230201,1026777,176443,215871,0.436351583485881,0.764714623513995,1.32138468697077,1.55264572105502,1.83179920126938,6.12,6.9,7.85,7.97,1651853,243281,373408,169392,553647,NA,NA,NA,50543,35.9,4.72,2871,193276
1975-10-01,192616,1398665,964980,1244226,1054829,161680,216490,0.562923336349745,0.910999949680047,1.42585429697379,1.66175693630753,1.96952303468166,6.24,7.76,8.4,8.47,1709820,265192,385394,176118,576649,NA,NA,NA,51183,36.1,4.79,2891,197807
1976-01-01,198704,1432341,991520,1272028,1092058,152218,217013,0.541093844563877,0.96357568058741,1.67907809595792,1.95663739700837,2.26837082776536,5.37,6.16,7.5,7.76,1761831,276236,395571,180772,600490,NA,NA,NA,51758,36.2,4.87,2897,202883
1976-04-01,204383,1463567,1020719,1300718,1114879,158465,217455,0.603601743820654,1.01201772606328,1.6252681097314,1.86990332330065,2.15914760140141,4.83,6.2,7.44,7.68,1820487,304638,401291,181601,620432,NA,NA,NA,52616,36.1,4.95,2876,209504
1976-07-01,209755,1489934,1040897,1318657,1140496,150467,217948,0.528355758873631,0.919781836416056,1.57895143533548,1.84868555877286,2.16273240202485,5.58,6.46,7.59,7.88,1852332,322303,400985,182502,634701,NA,NA,NA,52832,36.1,5.03,2850,215008
1976-10-01,215427,1529152,1066514,1350841,1168847,153777,218542,0.475509869394997,0.890506145821549,1.71499203597847,2.05791848222725,2.43367455850357,5.32,5.72,6.95,7.49,1886558,328307,403517,184874,653543,NA,NA,NA,53268,36.1,5.14,2855,222627
1977-01-01,220003,1570708,1095288,1386916,1211481,146419,219093,0.364742977383634,0.742217294759597,1.54221027850347,1.85992522555779,2.19186818717761,4.17,4.86,6.13,6.81,1934273,337650,410818,190224,669207,NA,NA,NA,53544,35.9,5.23,2850,230244
1977-04-01,228932,1604664,1125566,1417224,1238329,148571,219594,0.513436452826229,0.961202360997999,1.78130113902427,2.09050893726033,2.41765618054093,4.72,5.42,6.92,7.43,1988648,360313,421202,194230,674425,NA,NA,NA,54391,35.9,5.32,2854,243278
1977-07-01,239908,1644903,1162605,1449182,1263605,154284,220143,0.441750516796583,0.824683882556676,1.60678928442594,1.94564408902119,2.32215117718922,5.36,5.72,6.71,7.34,2055909,389703,431362,198930,698840,NA,NA,NA,55194,36,5.42,2853,253749
1977-10-01,244424,1693733,1193581,1492575,1294544,165813,220796,0.323755842453007,0.604089270428926,1.21554745076637,1.50415489216355,1.84596844827368,6.46,6.66,7.11,7.41,2118473,414134,438014,201899,718943,NA,NA,NA,55858,35.8,5.51,2865,263268
1978-01-01,253300,1755972,1226065,1545040,1336024,175651,221390,0.377818368619875,0.696407382731976,1.36424869924216,1.67085602891785,2.03219317305233,6.53,6.98,7.54,7.78,2164270,422299,446749,206299,737951,NA,NA,NA,56468,35.8,5.61,2870,275943
1978-04-01,252624,1797901,1266959,1587058,1377542,174612,221892,0.440420737852827,0.770893353726676,1.39579767397721,1.68275908578698,2.03142614111314,6.97,7.48,7.97,8.15,2202760,434799,452589,208795,749024,NA,NA,NA,57176,35.8,5.73,2879,282424
1978-07-01,275452,1855764,1313052,1625728,1425824,163285,222482,0.515205122435255,0.810458817100867,1.35252087692181,1.64764044499039,2.03576670553504,8.01,8.38,8.5,8.62,2331633,470584,472288,217004,771544,NA,NA,NA,58263,35.9,5.86,2886,309351
1978-10-01,288508,1907464,1349301,1668047,1452881,177148,223168,0.226250058513552,0.413505859629899,0.982397122150382,1.29922308305105,1.69991934294999,8.9,8.81,8.5,8.56,2395053,492368,484229,222073,789207,NA,NA,NA,58819,35.7,5.97,2908,325100
1979-01-01,302716,1964189,1393998,1713425,1496523,177680,223781,0.343330125121478,0.427258851387814,0.749572711168643,1.06437545584626,1.53379170741332,10.84,10.57,9.32,9.15,2476949,515755,496241,227818,796792,NA,NA,NA,59598,35.7,6.1,2899,341428
1979-04-01,305111,2025858,1438450,1769242,1531178,198153,224333,0.304462916577727,0.471689536800357,0.950561622020315,1.27844503842709,1.72899137649279,10.07,10.17,9.19,9.11,2526610,525809,501818,231682,804913,1,0,0,60219,35.8,6.22,2905,356695
1979-07-01,313483,2060371,1470307,1793260,1575659,176575,224948,0.0845452880243922,0.274897175257536,0.942946058348365,1.28905719313412,1.70833017787214,10.54,9.4,8.74,8.81,2591247,539293,516508,237578,826519,NA,NA,NA,60582,35.6,6.32,2882,364268
1979-10-01,321235,2129661,1509924,1851369,1633904,174919,225662,0.036500947466287,0.131144663143413,0.798623304478353,1.20367851356063,1.71141726504549,12.06,10.9,9.55,9.51,2667565,545621,533106,243694,845116,NA,NA,NA,60632,35.6,6.45,2884,383003
1980-01-01,327619,2192723,1550325,1903789,1666255,192435,226339,0.384244158515354,0.550848340310722,1.13620519110097,1.61991286153965,2.29362507057646,14.77,11.7,10.38,10.33,2723883,547875,547775,249342,863451,16,2,1,60864,35.6,6.56,2886,391332
1980-04-01,334369,2248121,1588922,1959692,1708215,201669,226955,1.01751891156075,1.157190620703,1.37219842074941,1.94393479575933,2.89040006695745,19.79,15.85,13.39,12.69,2789842,554562,568781,261064,877614,35,2,7,60990,35.3,6.69,2960,404492
1980-07-01,329157,2287472,1606372,1992351,1718848,224708,227624,0.831616163750815,1.39029061847049,2.39026183506364,2.86979709603148,3.44767462009251,9.47,8.6,9.55,10.13,2797352,519294,588547,276514,907701,34,2,6,59896,35,6.82,3076,394680
1980-10-01,346541,2378595,1645418,2071714,1780453,242415,228302,1.03803945346907,1.49275735045153,2.18245805032762,2.69471701831106,3.42749367268808,13.05,12.24,11.77,11.78,2856483,495071,592169,276086,930210,27,1,8,60079,35.1,6.95,2936,405717
1981-01-01,367909,2471690,1704748,2148164,1851714,244691,228858,-0.189653972332307,0.134120507269019,1.49175054433411,2.11317110618828,2.80283012441133,22,13.86,12.59,12.43,2985557,551472,608893,285815,964531,29,3,8,60616,35.3,7.13,2961,422755
1981-04-01,389143,2530995,1752460,2196083,1902921,236828,229314,0.863997652335131,1.48825174171874,2.66999741964541,3.2515458637706,3.97378777509507,14.51,12.99,13.36,13.14,3124206,619381,633350,297218,971174,32,1,7,60883,35.3,7.29,2932,443025
1981-07-01,393071,2580699,1787424,2234011,1934451,240491,229864,0.766155951637046,1.25979948212537,2.20720652854071,2.76634925295838,3.52016450555943,21.09,15.2,14.47,14.04,3162532,609843,648673,311910,997855,29,3,8,61140,35.2,7.41,2908,462864
1981-10-01,404735,2673962,1825393,2313558,1965535,285644,230527,1.48626351765956,2.12865138306658,3.10926843549469,3.74473711099688,4.63918544301962,16.96,16.59,16.13,15.75,3260609,652297,657774,317448,1028729,27,1,8,61238,35,7.56,2920,482109
1982-01-01,390203,2699897,1843782,2344189,1988808,290144,231073,1.36684186755804,2.05852917211366,3.1846450392687,3.79571408103008,4.59572307217692,13.13,13.35,13.97,13.98,3280818,643395,677727,329343,1061299,34,3,8,60529,34.9,7.64,2907,503755
1982-04-01,373505,2734689,1870220,2380555,2024130,287490,231558,0.833524008411256,1.40841390911956,2.53108794495518,3.07601250693554,3.76192811510667,15.48,14.21,14.26,14.1,3274302,588318,688104,334857,1079630,27,1,8,60150,34.9,7.75,2890,500083
1982-07-01,377697,2782106,1892915,2414107,2048116,293919,232090,1.07500206963573,1.69593424892657,2.71237330203138,3.23520022482088,3.92688613125883,14.73,14.24,14.62,14.4,3331972,593621,703093,342920,1142035,29,0,8,59599,34.8,7.85,2873,490069
1982-10-01,366537,2819648,1906466,2468249,2104649,289178,232708,1.45490227282919,2.09502785561116,2.95782813567279,3.40211705459938,3.99265241012748,10.87,10.05,11.5,11.51,3366322,592954,717344,351509,1197074,29,1,8,59077,34.8,7.94,2876,478723
1983-01-01,369325,2872363,1928011,2512960,2161628,274273,233241,0.695323628257668,1.34293167162286,2.59705323242978,3.05417734322272,3.53589365757435,11.2,8.68,10.09,10.36,3402561,549242,737351,364058,1244493,32,3,7,58610,34.7,8.01,2896,471521
1983-04-01,366026,2907274,1955008,2554421,2202774,272257,233697,0.744541705352731,1.36403838709968,2.56733860730188,3.05808973851963,3.60616344525435,9.12,9.34,10.27,10.62,3473413,565520,747852,370501,1319581,29,1,8,58971,34.7,8.1,2908,462106
1983-07-01,388038,2961165,2002193,2595770,2276020,237838,234213,0.741576549956035,1.38131556696119,2.62821493284077,3.11982576899399,3.66146656743187,9.31,9.67,10.72,10.93,3578848,613783,761061,380323,1377211,27,1,8,59818,34.9,8.19,2905,466455
1983-10-01,377326,3025585,2044022,2677696,2334858,258027,234804,0.923591931466438,1.64492176676926,2.94801536194799,3.46720810315165,4.04803700432265,10.59,9.89,11.2,11.44,3689179,652269,782216,394447,1410702,29,4,8,60859,35,8.27,2935,485371
1984-01-01,386546,3116766,2100780,2758549,2393632,277929,235310,0.97005503241188,1.71514905576495,3.05496476370289,3.59468856188959,4.20204179080721,9.92,10.08,11.57,11.82,3794706,718496,775099,384159,1463741,32,2,7,61688,35.1,8.33,2923,514687
1984-04-01,401000,3208686,2158429,2844948,2431581,324942,235757,0.948220244925988,1.71736811550227,3.16857861645247,3.74660854319952,4.38885157651164,10.24,10.8,12.28,12.53,3908054,790872,794021,392404,1512697,29,0,7,62530,35.1,8.41,2926,531465
1984-07-01,407192,3282375,2211548,2906904,2495634,319637,236254,1.58036865859096,2.45591921568643,3.69397040313268,4.26977616719273,4.9995654290003,10.85,12.3,13.72,13.84,4009601,818894,819132,408298,1572267,27,2,8,63310,35.1,8.48,2941,558274
1984-10-01,409792,3363261,2258198,2974889,2533775,346764,236868,0.966972341357328,1.65316088388599,2.82472405931777,3.31379058162677,3.8949444263851,11.38,11.44,12.51,12.54,4084250,838852,835720,413986,1662966,29,2,8,63889,35.1,8.55,2955,576642
1985-01-01,420740,3416357,2303180,3014874,2582626,333811,237392,1.06869792863089,1.89535756291208,3.31679646428864,3.85311987503887,4.43621567246367,8.74,9.22,11.08,11.55,4148551,831741,862769,432530,1710731,32,3,12,64464,35.1,8.61,2964,590903
1985-04-01,458534,3476514,2344159,3013378,2648481,258638,237816,1.10234512577232,1.90260607610104,3.25531621411028,3.7973217563427,4.40916696655604,8.83,9.51,11.28,11.66,4230168,809865,875592,434778,1774640,29,2,6,65025,34.9,8.66,2973,599417
1985-07-01,411414,3512836,2383913,3093728,2689393,295594,238368,0.828155259464634,1.5726572111707,2.95892027144626,3.45432784087122,3.96159617096466,8.12,7.72,9.58,10.19,4294887,827040,900527,447306,1823103,27,1,9,65403,34.9,8.74,3019,609088
1985-10-01,449822,3560351,2425523,3135616,2794650,228875,239006,1.00471763895363,1.75634996890914,3.04955653610834,3.56735165225258,4.14052889143471,8.26,7.94,9.69,10.29,4386773,822157,927363,463111,1945942,29,3,9,65771,34.8,8.8,3038,604432
1986-01-01,451882,3633510,2477434,3201443,2811273,275439,239558,0.757934301034736,1.29016709924496,2.30319958826315,2.78784692791446,3.35839268097755,13.46,7.6,8.49,9,4444094,859545,938584,466441,1986816,32,1,9,66222,34.9,8.87,3051,618067
1986-04-01,450793,3692373,2507523,3265352,2823619,324656,240011,0.351656848106951,0.64275276723607,1.24612499749323,1.52834725076145,1.86647048727103,7.49,6.7,7.18,7.37,4507894,863457,946803,463966,2059349,29,2,10,66427,34.8,8.89,3055,613525
1986-07-01,452337,3722661,2529852,3288699,2861673,308872,240555,0.451610224306581,0.838072963574221,1.58928938838377,1.90191197615182,2.25475117313832,6.97,6.39,7.23,7.37,4545340,855237,967519,477801,2125304,27,2,9,66560,34.6,8.92,3027,605016
1986-10-01,462097,3769609,2567970,3326548,2971835,235747,241171,0.640012017786256,1.12665786720783,2.02026067201834,2.40687921383586,2.84127898201248,5.99,5.82,6.93,7.41,4607669,835832,993597,495057,2214835,29,0,7,67136,34.6,8.94,3043,601964
1987-01-01,482909,3808638,2616251,3343525,2997074,226164,241702,0.597669888329874,0.990476798556228,1.75472477966575,2.1572625614598,2.64322719003607,14.35,5.95,6.81,7.23,4657627,842063,996385,489807,2246724,32,2,9,67524,34.6,9.01,3051,610553
1987-04-01,480364,3863840,2667382,3409475,3013291,277662,242166,0.602930136647379,1.00874756993204,1.77964113291361,2.16834006385203,2.63434867354593,6.22,6.21,7.12,7.59,4722156,871196,1008681,492136,2309296,29,0,7,68017,34.8,9.07,3072,596551
1987-07-01,545316,3919720,2705975,3442364,3072751,250117,242706,0.722560750590086,1.21916945905973,2.09226775744849,2.48855662164739,2.95327893361705,6.07,6.69,7.96,8.36,4806160,874588,1025219,501195,2350277,27,2,8,68580,34.7,9.11,3085,608371
1987-10-01,534536,3995562,2755170,3500984,3126529,252809,243335,0.94857365220065,1.55875807145028,2.55903514372664,3.00846641611268,3.54217212389391,7.71,7.94,9.22,9.66,4884555,876466,1036195,504113,2431715,27,2,7,69165,34.7,9.19,3100,625480
1988-01-01,545447,4115667,2841984,3598209,3174055,301849,243895,0.978250950851089,1.51367180790576,2.41591843997872,2.8648487757178,3.41050634758292,6.89,7.1,8.33,8.83,5007994,946459,1056024,513695,2487551,36,0,9,69860,34.6,9.28,3126,630552
1988-04-01,538868,4178303,2876081,3680119,3260540,295538,244362,0.933192306368468,1.48792923807467,2.43675030834246,2.91750754508706,3.49879472152669,6.7,6.76,8.04,8.57,5073372,908569,1056893,505781,2547656,27,0,8,70400,34.5,9.31,3113,641498
1988-07-01,542697,4258949,2943156,3759727,3318535,314778,244914,0.972432019811309,1.47008436337023,2.24964164323089,2.69016245790936,3.25672441623004,7.75,7.49,8.38,8.77,5190036,934525,1070421,506939,2602183,29,1,7,71033,34.6,9.41,3099,659366
1988-10-01,552924,4352522,2991277,3843148,3374992,339719,245579,0.771668960562669,1.17925770317413,1.88436218020901,2.29565713338975,2.8309076317736,8.54,8.13,8.61,8.87,5282835,942009,1078190,507399,2684392,34,0,8,71488,34.5,9.51,3141,666332
1989-01-01,564743,4438560,3049160,3917415,3459729,325502,246140,0.539401459600523,0.847660085421085,1.50638036862645,1.85956832380026,2.31001019672648,9.04,9.02,9.14,9.14,5399509,962748,1109916,525639,2740898,27,1,6,72183,34.5,9.6,3156,681924
1989-04-01,598209,4570183,3093383,4011771,3498760,375318,246626,0.449070031610491,0.684354435164295,1.18888588001837,1.48623981674343,1.89149547028604,9.79,9.64,9.53,9.3,5511253,1005487,1116559,519856,2799923,27,2,10,72698,34.5,9.7,3152,696466
1989-07-01,594565,4602221,3123065,4033318,3566555,325776,247228,0.22951939207726,0.448219830132428,1.10968790771402,1.46218130994742,1.89092077870767,9.63,8.12,8.03,8.1,5612463,1001047,1145809,534328,2857431,29,0,8,72945,34.4,9.77,3137,708998
1989-10-01,601420,4662347,3167210,4089746,3621864,324841,247942,0.258202080163189,0.479154548739777,1.09375684121153,1.41216553154425,1.80466558395338,9.24,8.48,8.36,8.31,5695365,996460,1164580,541409,2952994,34,2,6,73118,34.4,9.87,3127,731137
1990-01-01,610382,4735679,3220917,4151866,3684184,321251,248569,0.240519327201924,0.474530438202972,1.09182640006585,1.40977281545882,1.7985290961957,7.97,7.76,7.86,7.93,5747237,995809,1180500,540824,3051958,27,0,8,73508,34.3,9.98,3098,727373
1990-04-01,607186,4842676,3298495,4253964,3754915,352295,249146,0.433758116305007,0.75262250880784,1.36520785190511,1.66726097830028,2.0497871164542,8.3,8.35,8.65,8.65,5872701,1010838,1212450,553681,3143754,27,1,8,73986,34.4,10.11,3194,740880
1990-07-01,620340,4919257,3350012,4321859,3804496,369652,249990,0.403894398027879,0.726661822481422,1.40920663753814,1.73675416635285,2.13517802971208,8.32,8.05,8.35,8.43,5960028,1014720,1230721,563935,3233313,29,1,8,73863,34.4,10.2,3332,734124
1990-10-01,628133,4978632,3384183,4375786,3870100,354572,250904,0.583310323621131,1.01862432764159,1.91283050805743,2.3453515432374,2.85681428052047,8.25,7.63,8.38,8.71,6015116,1000785,1242584,562235,3364820,32,2,8,73643,34.2,10.27,3136,744412
1991-01-01,626593,5004087,3399789,4403116,3861300,389491,251758,0.558808961030719,0.980803625856363,1.85428223482488,2.27662801414574,2.77078383627575,5.53,6.82,7.68,8.08,6004733,947453,1268467,569655,3465189,29,0,10,73272,34.2,10.34,3110,737519
1991-04-01,613433,5005784,3392939,4425647,3912999,357527,252507,0.601033505780512,1.09063050842911,1.99676358604691,2.36477331279641,2.7711529440774,6.48,6.27,7.74,8.07,6035178,924569,1284187,581371,3537988,27,1,7,72696,34.1,10.41,3095,729800
1991-07-01,612927,5090841,3456748,4501195,3940495,403975,253350,0.609373466942209,1.14582306732956,2.17243939257919,2.56839488832812,2.9882836450448,6.38,6.38,7.93,8.26,6126862,926541,1296577,586644,3665303,31,1,9,72465,34.1,10.51,3103,726787
1991-10-01,616693,5141537,3493636,4547312,3984708,405413,254280,0.582523022107624,1.0798437069831,2.08956502161051,2.51932942927086,2.98400056705666,5.4,5.42,6.9,7.45,6205937,947476,1306265,586324,3801698,32,1,11,72501,34.1,10.58,3121,720150
1992-01-01,625410,5233011,3547745,4630886,4020479,452168,255089,0.640367250174965,1.18927496663537,2.29563560349054,2.75941173034224,3.24514455995328,4.09,4.12,5.93,6.71,6264540,978788,1308774,577406,3881288,27,3,11,72440,34.1,10.64,3121,717600
1992-04-01,627451,5323841,3619397,4729460,4117009,457744,255848,0.59178396995331,1.203906795602,2.376573733156,2.7633170882809,3.12270588053722,4.98,4.48,6.82,7.46,6363102,956817,1326421,580332,3984656,27,0,8,72481,34.1,10.68,3121,714208
1992-07-01,637932,5424018,3670570,4812582,4177056,480359,256742,0.764939657361352,1.41218866948612,2.69601676224884,3.22531228152269,3.77297527768533,3.89,4.04,6.27,7.1,6470763,1013084,1334807,580904,4064621,29,0,9,72791,34.2,10.77,3117,736717
1992-10-01,642804,5452793,3685679,4833383,4255267,417516,257704,0.894534273906862,1.53712648630996,2.77297820009738,3.35342603048544,3.986156541634,3.58,2.96,5.18,6.23,6566641,1024162,1353997,594200,4177009,32,1,10,72980,34.3,10.83,3107,748536
1993-01-01,673510,5676824,3875781,5017221,4336398,525438,258546,0.473403992827774,1.07924487612957,2.37013205554732,2.80803286146253,3.20234974785019,2.66,3.61,6.04,6.7,6680803,1057962,1362775,598377,4230580,29,1,8,73466,34.2,10.9,3101,768287
1993-04-01,656938,5564981,3748682,4945531,4352498,434081,259283,0.58206877537764,1.11560620536962,2.24952826235229,2.72863483548541,3.22086777208741,3.31,3.32,5.24,6.06,6729459,1083829,1351818,580289,4351950,27,2,11,73925,34.1,10.99,3071,776488
1993-07-01,694565,5632865,3796219,4985045,4439965,385839,260109,0.542951345683548,0.973231687436506,1.83951990675438,2.23771705785601,2.67122151544184,3.27,3.41,5.04,5.8,6808939,1094479,1359066,576737,4411489,29,0,8,74510,34.3,11.03,3067,792371
1993-10-01,699151,5675134,3833621,5012816,4511530,342309,261015,0.429324282272809,0.773039897223218,1.46708562288293,1.79207768530909,2.15055780859102,3.19,3.35,4.72,5.34,6882098,1095852,1367411,578741,4535687,34,2,9,75070,34.4,11.09,3057,798315
1994-01-01,746417,5893798,4021032,5199948,4571141,467390,261796,0.510623402851746,0.917492152916295,1.69402857350402,2.03417873461306,2.40272404221952,2.85,3.63,5.21,5.83,7013738,1153142,1381394,584909,4575869,27,0,7,75785,34.5,11.18,3037,829642
1994-04-01,727521,5829436,3931370,5156221,4645953,346785,262491,0.628672024855975,1.11518723728302,1.98706809595598,2.33513154812196,2.70574279421539,3.64,4.5,6.23,6.77,7115652,1201675,1373350,567047,4645802,29,0,8,76534,34.5,11.25,3043,840715
1994-07-01,767039,5917476,3995563,5233929,4708909,356505,263294,0.790929036047221,1.2695025284196,2.00145382106334,2.33418265644402,2.72960236526841,3.82,5.5,6.95,7.34,7246931,1264948,1389392,569374,4692750,32,0,8,77352,34.5,11.31,3017,855609
1994-10-01,770302,6001516,4048537,5302216,4775041,352807,264159,0.726602032776256,1.19062705890108,1.89201810044476,2.20661143569537,2.58469668707172,5.44,5.96,7.28,7.62,7331075,1251749,1423432,586518,4800150,29,1,8,78161,34.5,11.39,3002,872098
1995-01-01,788991,6108066,4097243,5399365,4841610,380536,264924,0.709168893726044,0.991437037230678,1.40953046236716,1.65063996866526,1.98283769149151,4.94,7.2,7.83,7.84,7455288,1307566,1422923,575796,4864116,27,0,5,78962,34.5,11.48,2983,906989
1995-04-01,803103,6200341,4148705,5472965,4885374,404671,265625,0.5208697292375,0.825215075834066,1.32128369601025,1.5914130646772,1.94255314006532,6.3,6.49,7.08,7.2,7522289,1327586,1437596,579066,4951372,29,1,10,79511,34.4,11.55,2965,944620
1995-07-01,826947,6267376,4186066,5532094,4977503,361823,266414,0.321259428032552,0.510987911098245,0.906068129684618,1.16236927813347,1.49965952861738,6.11,5.65,5.98,6.21,7580997,1303988,1452892,581010,4973983,32,0,8,79828,34.3,11.63,2959,956779
1995-10-01,830271,6347730,4235669,5588492,5020492,369594,267304,0.300706182747589,0.480750699542966,0.835493138401784,1.0612253546496,1.36189463964889,6.2,5.65,6.01,6.17,7683125,1303248,1455659,579337,4988665,29,1,6,80351,34.3,11.73,2929,965530
1996-01-01,842468,6417827,4274859,5642157,5097498,337089,268047,0.136321968246889,0.25418263106624,0.633039422141723,0.859155542044665,1.13921345842505,4.73,5.18,5.38,5.58,7772586,1335135,1451575,567315,5117786,27,0,8,80685,34.2,11.81,2903,982059
1996-04-01,875999,6560367,4343642,5750186,5173265,368959,268724,0.419493256410963,0.673898136750456,1.10758803378176,1.35188948993442,1.66697422228771,5.53,5.41,6.09,6.31,7868468,1355353,1471295,579828,5161076,29,1,7,81189,34.3,11.89,2900,1003747
1996-07-01,921580,6681264,4421371,5849613,5229777,406479,269527,0.488691198541914,0.771745767061676,1.19750553138788,1.42762477890212,1.72965815173806,7.8,5.74,6.49,6.74,8032840,1418388,1487662,582142,5224811,32,0,8,81833,34.4,12.03,2884,1026468
1996-10-01,923880,6747430,4479411,5895864,5296591,380245,270433,0.47450293457297,0.746452472782984,1.21835180871574,1.47362029173497,1.7983378753352,5.53,5.65,6.39,6.65,8131408,1474350,1496733,577756,5323172,29,1,11,82340,34.4,12.13,2866,1058965
1997-01-01,946372,6836602,4543119,5965502,5378645,364422,271243,0.31919399800332,0.553790434999923,1.00207480824283,1.2286402017187,1.50968066964774,6.26,5.51,6.21,6.43,8259771,1480128,1515702,576913,5380890,27,1,11,82942,34.4,12.24,2839,1083597
1997-04-01,978033,6960781,4624051,6052444,5454224,371975,271952,0.488822643689428,0.780080220420882,1.23021014364992,1.4673255414832,1.77609821777632,6.18,6,6.74,6.9,8362655,1522404,1515985,570705,5376151,29,1,8,83610,34.5,12.35,2836,1107299
1997-07-01,1004394,7035780,4683113,6113121,5494236,385839,272767,0.364726251212466,0.599973865581479,1.00348746249426,1.21924583324864,1.49828869102572,6.24,5.64,6.33,6.45,8518825,1590218,1542541,587181,5413146,32,0,8,84223,34.3,12.46,2815,1129567
1997-10-01,1032495,7158121,4768108,6208366,5601667,368757,273703,0.280384033683356,0.445965942840794,0.804830118078337,1.01984319587172,1.29942447328484,5.65,5.44,5.93,6.04,8662823,1625251,1555224,586047,5502388,29,1,9,84804,34.6,12.6,2772,1178364
1998-01-01,1045441,7299951,4874832,6323448,5692107,387880,274499,0.13223273649534,0.229152610752149,0.472931821936826,0.635992200169933,0.859712954920361,5.84,5.51,5.71,5.75,8765907,1644529,1574782,589224,5542426,27,2,8,85439,34.6,12.75,2789,1181123
1998-04-01,1063588,7464033,4970814,6458724,5750287,459594,275175,0.158317363931856,0.255714765807318,0.480841328929514,0.643902102160739,0.872569151387544,5.72,5.37,5.59,5.62,8866480,1712324,1568029,572164,5547935,29,0,8,85810,34.4,12.87,2762,1212378
1998-07-01,1081512,7584421,5054628,6554930,5871702,428532,275976,0.158864313391994,0.229100483848442,0.396607339934448,0.545946595833761,0.766241154099007,6.35,5.37,5.43,5.44,8969699,1695773,1603691,587065,5526193,32,0,9,86460,34.4,12.99,2762,1247103
1998-10-01,1108773,7678055,5142179,6627019,5965584,404562,276859,0.107978932970847,0.103882422209103,0.190213089404628,0.372935216495294,0.650603253185684,5.73,4.28,4.1,4.33,9121097,1741623,1627262,588630,5614217,29,1,4,86913,34.3,13.11,2772,1261652
1999-01-01,1127159,7771819,5225099,6695614,6070526,367834,277658,0.112582938227285,0.170000503726944,0.367403679625714,0.545086818115972,0.792009510343816,4.07,4.53,4.56,4.65,9293991,1796964,1647452,594203,5651615,29,1,6,87497,34.5,13.21,2785,1295444
1999-04-01,1142659,7855876,5304553,6772210,6133027,381404,278324,0.354291981315547,0.524281404121599,0.803555150818673,1.01363707585868,1.30486968348905,5.41,4.73,5.15,5.27,9411682,1853063,1669139,595141,5638780,27,1,4,87946,34.3,13.34,2767,1322305
1999-07-01,1158005,7925127,5359756,6823673,6260300,295012,279148,0.474137380139373,0.689874329765638,0.998264527834038,1.22346090888939,1.53976565252861,5.76,5.09,5.73,5.85,9526210,1848341,1694757,599246,5656271,32,0,5,88527,34.4,13.47,2766,1353960
1999-10-01,1182148,8041186,5452443,6911638,6386490,254385,280053,0.549448118172861,0.795030967335617,1.15368444540522,1.41333584333151,1.77365695290181,5.26,5.3,5.9,6,9686626,1893735,1733984,614158,5776091,29,1,6,88992,34.3,13.61,2766,1386594
2000-01-01,1215337,8251193,5620593,7083353,6541049,262918,280846,0.54289460817084,0.777997672679948,1.15437164803978,1.42197162610503,1.7916564911581,3.99,5.98,6.36,6.45,9900169,1953097,1781740,634344,5773392,29,0,3,89760,34.4,13.7,2771,1395049
2000-04-01,1272073,8468347,5777722,7249827,6686521,276463,281531,0.268185609093804,0.354767102737429,0.459888053056748,0.590800932568663,0.811293952683496,6.17,6.28,6.32,6.03,10002179,1950650,1789895,619368,5685938,29,2,5,90238,34.4,13.85,2884,1450250
2000-07-01,1284187,8597844,5815474,7361856,6746933,318910,282247,0.26669587228772,0.335946036338235,0.4846992517641,0.658885933544166,0.930772342929614,6.86,6.08,6.18,6.03,10247720,2075786,1822524,641178,5674179,23,0,5,90531,34.3,13.98,3004,1498729
2000-10-01,1291650,8757679,5927493,7506618,6888604,306371,283033,0.115023613551696,0.162300725748771,0.435716009491661,0.676021643824471,1.00755871814158,6.6,6.07,5.85,5.8,10318165,2059969,1832078,633550,5662216,24,0,4,90846,34.3,14.12,2745,1519657
2001-01-01,1306215,8844016,5945287,7579375,6952196,307245,283748,-0.027177326532736,-0.0214289482708789,0.244803712781567,0.478027576797233,0.788799795350344,5.41,5.32,4.99,5.12,10435744,2067227,1861253,638180,5773740,28,0,4,90989,34,14.29,2745,1525091
2001-04-01,1301000,9009416,6072371,7696337,6996658,380060,284380,0.112056667653767,0.275148157629175,0.783827105102646,1.06032010868751,1.3784425122862,5.29,4.09,4.62,4.93,10470231,1971333,1906253,653277,5726815,32,2,5,90878,34.1,14.42,2755,1505248
2001-07-01,1291202,9017106,6036486,7716473,7069728,327718,285076,0.327224424651706,0.634598625305008,1.24716312818798,1.51914279961538,1.81851848005025,3.95,3.72,4.97,5.42,10599000,1973033,1947731,666231,5807464,36,0,5,90349,34,14.54,2780,1473585
2001-10-01,1104283,8975331,6021973,7863276,7007024,539480,285842,0.206409791667674,0.540809826506176,1.36285546371077,1.7004244051977,2.03062268134755,3.02,2.47,3.9,4.55,10598020,1944909,1953408,674447,5943439,36,0,6,89837,33.8,14.62,2770,1452580
2002-01-01,1210806,8990696,6048399,7761452,7166733,286596,286533,0.428748417753172,0.954286649511204,1.86767362250973,2.15548495216903,2.40758484725916,1.52,2.17,4.38,5.07,10660465,1850091,1992742,686892,6006032,39,0,6,89125,33.8,14.74,2751,1408856
2002-04-01,1055567,9050689,6079656,7984403,7243358,440295,287131,0.608518629368421,1.10861771150089,1.88041061923186,2.14227742619591,2.39801772071292,1.88,2.76,4.93,5.44,10783500,1912659,2040010,714032,6126469,39,0,4,89024,33.9,14.83,2755,1374027
2002-07-01,1051808,9164806,6159037,8116177,7322496,497382,287808,0.445787209135876,0.91007981516016,1.74394185890028,2.05437814809857,2.35572571561779,1.83,2.09,4.08,4.85,10887460,1933282,2074482,734758,6228236,39,0,4,88625,33.9,14.93,2768,1357267
2002-10-01,1047885,9197135,6172780,8153537,7391538,469021,288554,0.304474773179474,0.584968933813678,1.31006724935706,1.69646229400271,2.11638815781691,1.85,1.56,2.75,3.72,10984040,1933197,2101256,748351,6405707,39,0,6,88403,33.9,15.05,2768,1348884
2003-01-01,1057477,9288296,6199187,8250756,7519901,437713,289214,0.288795964852875,0.622604827255588,1.4562222487857,1.85193747033562,2.25909162159624,1.16,1.32,2.78,3.83,11061433,1942531,2142232,775246,6460776,39,0,6,88237,33.8,15.2,2780,1331215
2003-04-01,1062924,9333827,6240047,8313443,7611549,407966,289809,0.245211414109298,0.580865172812137,1.45040493423691,1.84230039456787,2.23216578148119,1.29,1.16,2.78,3.84,11174129,1960221,2172010,792724,6670121,39,0,5,87848,33.7,15.27,2791,1332696
2003-07-01,1074610,9455307,6342475,8426003,7699554,429309,290484,0.262328119180397,0.539764304987087,1.27316739024725,1.64252210457927,2.02894446924062,1.11,1.07,2.48,3.56,11312766,1972386,2198793,825970,6783320,39,0,7,87788,33.6,15.36,2763,1366842
2003-10-01,994708,9582532,6425800,8568570,7853674,417352,291222,0.251693777964849,0.611413019750352,1.53799842272096,1.94536958843357,2.34486437072193,1.11,1.13,2.84,3.96,11566669,2044304,2220432,833257,6997964,39,0,8,87939,33.6,15.42,2749,1392121
2004-01-01,1083214,9713205,6513524,8690822,7950409,432667,291868,0.348768347465966,0.753521729746095,1.64318680055308,2.00834906074308,2.36195972110436,0.94,1.26,3.25,4.27,11772234,2131311,2251164,855125,7131068,39,0,9,88140,33.6,15.47,2740,1411859
2004-04-01,1086156,9815832,6563845,8802751,8098806,397279,292434,0.317667877661371,0.647627642174806,1.40913500988779,1.76255004500575,2.12518902050039,1.03,1.23,2.87,3.91,11923447,2154052,2286594,871800,7274335,39,0,9,88512,33.7,15.56,2731,1401830
2004-07-01,1122200,9988392,6710777,8952923,8157607,479688,293103,0.504397960442605,0.875910620239634,1.53771486091243,1.83823603968706,2.16195102682303,1.4,2.07,3.74,4.57,12112815,2262607,2320682,884561,7379053,39,0,9,89226,33.6,15.67,2730,1445457
2004-10-01,1165545,10110491,6832124,9034619,8341461,369849,293857,0.391402885424493,0.648808729699959,1.13747390313029,1.40777508315011,1.72147279228962,1.86,2.21,3.44,4.21,12305307,2318272,2356371,902509,7596143,42,0,9,89660,33.7,15.78,2729,1490495
2005-01-01,1188485,10520771,6883091,9419767,8504351,580064,294561,0.362959427284176,0.546194022156532,0.854402541897501,1.07258876483341,1.35332334733041,1.97,2.75,3.63,4.24,12527214,2390082,2388847,909622,7776939,39,0,8,90155,33.8,15.86,2728,1531693
2005-04-01,1326264,10347937,6940927,9169210,8598432,230177,295149,0.350605944216885,0.490780163266333,0.628323778241536,0.761774564700235,0.961574019034918,2.83,3.34,4.13,4.46,12767286,2486068,2426138,931826,7836496,39,0,10,90643,33.7,15.97,2733,1568306
2005-07-01,1343299,10498014,7035036,9293068,8753379,181887,295824,0.16790279052975,0.185189566150461,0.163376006246273,0.250867504831787,0.410715496636829,3.36,3.51,3.84,4.06,12922656,2476474,2452246,939279,7932710,39,0,10,91384,33.7,16.08,2733,1603838
2005-10-01,1374911,10687722,7152739,9452175,8900382,189149,296606,0.114692529520667,0.108446853634336,0.163487707010359,0.275232114510775,0.449315278824778,3.93,4.01,4.18,4.34,13142642,2531076,2494438,956393,8170413,39,0,10,91895,33.8,16.19,2732,1643130
2006-01-01,1426819,10853063,7233429,9588752,8981147,237244,297311,0.0347816991872092,0.0094425783818517,-0.00224249353790729,0.0842567240946073,0.239241461456547,4.09,4.38,4.35,4.39,13324204,2645263,2528432,963650,8371156,39,0,8,92525,33.8,16.36,2733,1668669
2006-04-01,1492519,11171777,7414584,9837635,9132854,328172,297950,0.072353035088601,0.0881968800947064,0.17058269886574,0.29244264646626,0.483237773047501,5,4.82,4.82,4.86,13599160,2709740,2580086,997067,8420042,39,2,10,93402,33.8,16.54,2733,1735308
2006-07-01,1518932,11292755,7433114,9938059,9259602,293057,298653,0.108450783431818,0.125543563234097,0.218844418809409,0.366093077732272,0.596090094788149,5.05,5.21,5.1,5.15,13753424,2709252,2610565,997164,8506974,39,0,9,93740,33.9,16.72,2736,1774400
2006-10-01,1557724,11383916,7518511,10018211,9375362,240026,299452,-0.0784336083855397,-0.128770295904934,-0.0402531408642099,0.101389580072293,0.311255795627149,5.34,4.91,4.59,4.64,13870188,2709420,2630280,995447,8680224,39,0,7,94051,33.8,16.87,2732,1815947
2007-01-01,1569927,11587605,7694819,10168160,9488275,263982,300178,-0.0339528853582918,-0.0771055914740435,-0.0217572804448203,0.108053202777332,0.311381498559548,5.17,5,4.7,4.71,14039560,2675406,2674454,1015078,8849665,39,0,9,94487,33.9,17.05,2730,1849549
2007-04-01,1606513,11821429,7844244,10336954,9611732,313431,300823,-0.0485569825298695,-0.0861901052036815,0.0385872364713702,0.208690582563246,0.453210121670559,5.3,4.9,4.54,4.65,14215651,2664295,2718491,1017545,8867677,39,2,9,94939,33.9,17.22,2731,1892034
2007-07-01,1619091,11929248,7857568,10429051,9706762,284130,301528,0.0466720475371885,0.0772047394961186,0.255448644386654,0.418058449161421,0.645780327353682,5.31,4.91,4.92,5.03,14402082,2699217,2769958,1042453,9007653,39,0,9,95310,33.9,17.41,2729,1937718
2007-10-01,1602248,12025458,7914715,10524051,9845072,243169,302334,0.0647164879899575,0.117887230119934,0.404899257989699,0.632172940636598,0.923958453399375,4.92,4.11,4.24,4.56,14564117,2685969,2808718,1058838,9229172,39,2,8,95438,33.8,17.55,2737,1967377
2008-01-01,1602775,12182739,8025554,10663782,9972793,254435,303062,0.0302657307043392,0.106358552551189,0.569409176968911,0.885043017200766,1.25671773377156,3.06,3.34,3.45,4.04,14715058,2642560,2865057,1085263,9437594,39,0,10,95714,33.8,17.68,2756,1997123
2008-04-01,1551383,12314677,8082702,10765417,10035263,307988,303707,0.388436608672897,0.610220016513928,1.14326698352687,1.50714543258277,1.94214479121126,2.38,1.62,2.65,3.57,14706538,2563701,2909640,1111183,9492006,39,2,9,95593,33.8,17.88,2752,2013699
2008-07-01,1528239,12661020,8059067,11117603,10187065,511755,304396,0.261075846449261,0.468859063573585,0.951440665390434,1.21651242012215,1.51702661350826,2.11,2.38,3.33,4.01,14865701,2540595,2971642,1146640,10024725,43,0,8,95027,33.7,18.04,2759,2024039
2008-10-01,1494271,12444992,8087005,10964111,10116413,428287,305158,0.220973176630721,0.478460650533186,1.25235298729874,1.65138478411313,2.07322177357315,1.15,1.72,2.87,3.77,14898999,2498242,3029032,1170238,10699805,55,2,8,94286,33.5,18.2,2768,2007007
2009-01-01,1384171,12238467,7953249,10826120,9801472,632983,305827,0.158368253484083,0.321706940853627,0.849140494015474,1.15846411532532,1.49187716215457,0.14,0.37,1.55,2.25,14608209,2307915,3021826,1179781,11126941,48,0,11,92607,33.3,18.39,2775,1918738
2009-04-01,1144195,11965280,7679341,10794317,9773181,620952,306438,0.261547516216872,0.444864031213339,0.950450005846359,1.27506769242101,1.64352529344415,0.16,0.58,1.65,2.68,14430902,2014878,3022047,1185230,11545275,39,2,14,90610,33.1,18.5,2797,1761401
2009-07-01,1102464,12042936,7772662,10912305,9852431,664457,307090,0.328866121654322,0.716029419587402,1.66876996605041,2.07576323146678,2.46632696889044,0.2,0.54,2.51,3.55,14381236,1863650,3070452,1213488,11909828,45,3,15,89301,33,18.56,2814,1684966
2009-10-01,1104113,12061068,7746062,10924695,9927825,597022,307826,0.287783562147156,0.608258755009276,1.38971212997054,1.73744322081133,2.07705231519335,0.11,0.37,2.2,3.21,14448882,1841416,3092058,1228253,12311349,55,3,15,88816,33.1,18.7,2826,1656037
2010-01-01,1143889,12188213,7810454,11044492,10052579,601203,308495,0.441916242863777,0.86043859061302,1.77863714775896,2.17733959771461,2.57058141489605,0.05,0.47,2.69,3.85,14651249,1998710,3120796,1256168,12773123,33,3,15,88530,33.2,18.84,2831,1659323
2010-04-01,1213369,12330883,7779805,11138214,10155982,589554,309095,0.361628257095626,0.777866952406276,1.76511290553932,2.17689505078615,2.56850777424025,0.17,0.42,2.59,3.89,14764610,2038161,3133819,1278359,13201792,36,3,15,88558,33.3,18.92,2923,1659963
2010-07-01,1257379,12550689,7936101,11327322,10231332,707334,309691,0.129689408114019,0.363607059954646,1.08491342592691,1.42926503847588,1.7684904680533,0.17,0.32,1.8,2.96,14980193,2148795,3165768,1305049,13561622,42,3,15,88865,33.3,19.03,3193,1715746
2010-10-01,1297148,12673385,7991261,11405033,10327066,696357,310385,0.180496196206799,0.325109905305779,0.818469886330096,1.14628216206641,1.51507375030569,0.2,0.26,1.26,2.54,15141607,2236495,3158301,1304343,14025215,49,3,15,89131,33.5,19.11,2869,1762364
2011-01-01,1326495,12873134,8071194,11572978,10470972,718488,311020,0.148297438019961,0.448653465834039,1.35863949873375,1.76954132194178,2.16428309097921,0.13,0.29,2.01,3.3,15309474,2238440,3164317,1312878,14270114,39,3,15,89544,33.5,19.23,2870,1801850
2011-04-01,1458521,13178188,8187181,11744258,10619719,744401,311551,0.205394133444861,0.540178706296631,1.41257285618928,1.77387004249856,2.10857554286329,0.11,0.27,2.24,3.46,15351448,2205962,3155768,1305974,14343087,42,3,15,89960,33.5,19.3,2877,1805118
2011-07-01,1476191,13295749,8231424,11840697,10694775,767939,312147,0.354713347079889,0.65595877594685,1.44212428231245,1.86777091059571,2.32260813621375,0.08,0.2,1.8,3.22,15557539,2297352,3168261,1312725,14790340,46,3,15,90527,33.6,19.41,2860,1862009
2011-10-01,1471733,13401533,8273264,11928631,10783189,761929,312842,0.0506571674504054,0.074813971011483,0.260217763368529,0.447339456477766,0.672618054459066,0.06,0.13,0.96,1.92,15647680,2322840,3136922,1288651,15222940,42,3,17,91066,33.6,19.49,2846,1953756
2012-01-01,1507169,13548888,8284010,12069520,10817849,873648,313454,0.0450106783397568,0.0564332581438801,0.214849241945293,0.396820663642056,0.620198416291274,0.04,0.12,0.83,1.89,15842259,2504095,3130765,1291701,15606518,39,3,12,91621,33.7,19.57,2836,2008976
2012-04-01,1529118,13798482,8503163,12319433,10993908,935919,313993,0.161976858716913,0.236020955113918,0.500844360577561,0.742627552542752,1.03656862539849,0.09,0.19,1.04,2.23,16068805,2567750,3144024,1296091,15855037,42,3,15,92383,33.7,19.64,2828,2073366
2012-07-01,1556654,13837122,8505239,12344556,10989830,973895,314576,-0.0142221671318242,-0.0720234267820884,-0.0895210352416526,0.0229210658195302,0.182404984111076,0.09,0.21,0.72,1.67,16207115,2636863,3130438,1288592,16066240,46,3,17,92662,33.7,19.71,2824,2126171
2012-10-01,1575770,13914096,8617312,12386257,11105323,895202,315264,0.0172911080930115,-0.0427853193770665,-0.0648574028101584,0.0672422200903364,0.257798979552979,0.15,0.17,0.62,1.64,16319541,2644119,3139112,1293789,16432730,42,3,16,93081,33.7,19.79,2822,2125950
2013-01-01,1630259,14581378,8869146,12973194,11181248,1408022,315877,0.0454118480108033,0.0165529609576505,0.0597917243859364,0.212759821529178,0.420481846505439,0.09,0.16,0.72,1.78,16420419,2638282,3132308,1269569,16771381,39,3,21,93553,33.8,19.91,2806,2148622
2013-04-01,1710991,13932249,8737520,12272068,11290121,592585,316357,0.0928508960886379,0.0866149614189335,0.164706151587639,0.339751140647039,0.574303589244659,0.16,0.14,0.76,1.86,16648189,2746420,3123454,1240079,16738320,42,3,13,94007,33.8,20.01,2794,2175318
2013-07-01,1730865,14083850,8852400,12394805,11344413,667812,316934,0.0440694516068846,0.179655026635821,0.669815216338781,0.929400023732578,1.19110456773332,0.1,0.15,1.39,2.5,16728687,2780242,3131143,1232561,16738180,46,3,15,94481,33.7,20.13,2771,2188629
2013-10-01,1753758,14181669,8868885,12503000,11445929,666841,317635,0.107693951553261,0.282368312322379,0.865186981516643,1.17570975842484,1.49391576965687,0.08,0.1,1.42,2.66,16953838,2892354,3135192,1219640,17156119,42,3,16,94980,33.7,20.23,2753,2230759
2014-01-01,1783928,14266491,8993843,12551845,11593168,569836,318276,0.0389097141989793,0.289055610786673,1.15195759251299,1.53258993218581,1.88581277036324,0.07,0.13,1.75,3.04,17192019,2934291,3140517,1217254,17601227,39,3,15,95458,33.6,20.34,2741,2290541
2014-04-01,1865024,14555031,9163722,12798518,11722315,671896,318827,-0.169848411074931,0.0227702644567979,0.773041779244259,1.03624210603004,1.23278666174077,0.08,0.13,1.74,2.77,17197738,2922765,3139060,1212935,17632606,42,3,16,95998,33.7,20.5,2728,2335499
2014-07-01,1903372,14760146,9191199,12993003,11861735,725479,319438,-0.197993224062418,-0.0469238143308612,0.57719451020075,0.788070221920444,0.935740829750861,0.1,0.11,1.66,2.58,17518508,3059096,3154366,1210985,17824071,46,3,16,96641,33.7,20.6,2729,2407208
2014-10-01,1900394,14951248,9327348,13136986,11991354,726081,320166,-0.317389321210498,-0.194488368921514,0.335718962168978,0.458217342867315,0.493327880590426,0.09,0.1,1.69,2.42,17804228,3142047,3191749,1230648,18141444,42,3,15,97163,33.7,20.66,2735,2465578
2015-01-01,1933008,15170853,9485797,13323653,12096102,798744,320815,-0.35742179458496,-0.308758858467231,0.0416043138062272,0.0903725003703846,0.0557569081955966,0.06,0.25,1.65,2.17,17912079,3172016,3189253,1213721,18152056,39,3,16,97733,33.8,20.71,2743,2492333
2015-04-01,2017750,15314157,9591656,13397787,12176065,790471,321344,-0.331121528590712,-0.343668148606389,-0.12356734068546,-0.0759553800628276,-0.0821603647439295,0.12,0.27,1.32,1.87,18063529,3282283,3187915,1216238,18151998,42,3,15,98142,33.7,20.91,2748,2497171
2015-07-01,2045283,15479044,9695751,13529294,12307934,772943,321954,-0.156456369305554,-0.0501093396054989,0.377989679777629,0.509484490898025,0.588322321469668,0.13,0.28,1.7,2.43,18279784,3291104,3234067,1222387,18150618,46,3,14,98705,33.6,21,2754,2510545
2015-10-01,2026616,15570473,9767967,13619479,12386409,784333,322670,-0.149789794770336,-0.131794962469073,0.0617049715294122,0.141032833688296,0.197293610023744,0.13,0.31,1.37,2.05,18401626,3303660,3253554,1222398,18922179,42,3,13,99114,33.7,21.09,2759,2521879
2016-01-01,2013189,15668419,9834213,13702248,12451998,792324,323318,-0.199752572033206,-0.185294102822404,0.024040057368826,0.0913698255978108,0.126992603209268,0.2,0.65,1.76,2.27,18435137,3276879,3258142,1230084,19264939,42,3,16,99716,33.8,21.23,2776,2500420
2016-04-01,2001701,15731625,9862908,13806034,12536989,821308,323871,-0.219717984773131,-0.287780849480013,-0.253053305522334,-0.210824600365584,-0.17494324414383,0.37,0.62,1.24,1.79,18525933,3244317,3270141,1229649,19381591,46,3,14,100075,33.6,21.39,2783,2488836
2016-07-01,2011666,15821382,9929757,13868138,12731235,682327,324476,-0.349805220415375,-0.480920283558999,-0.525277967938489,-0.527074913830833,-0.545806579033608,0.41,0.45,1,1.46,18711702,3246381,3289566,1229983,19573445,42,3,15,100409,33.6,21.52,2797,2511643
2016-10-01,2036510,15999142,10033691,14019001,12846646,715952,325155,-0.312335946623281,-0.431646483070434,-0.485938317078974,-0.491039220390959,-0.508875014225577,0.29,0.59,1.14,1.6,18892639,3261571,3315171,1241299,19976827,39,3,15,100955,33.6,21.62,2806,2543679
2017-01-01,2034647,16182502,10145610,14180099,13005926,706477,325742,-0.218281027586319,-0.184134655165848,0.0879419289162457,0.16521939720696,0.201015360022941,0.55,0.85,1.93,2.45,19089379,3360952,3337245,1248481,19846420,42,3,12,101386,33.5,21.76,2815,2571821
2017-04-01,1943310,16415083,10246421,14408511,13139886,803669,326207,-0.304010197625185,-0.309832358051281,-0.0726714723110173,-0.00879062197186986,0.0120394656329035,0.82,1.03,1.93,2.4,19280084,3363101,3353096,1249090,19844554,46,3,19,101925,33.5,21.88,2810,2603148
2017-07-01,1982371,16604002,10380266,14583884,13225151,874189,326743,-0.29525537951192,-0.350461445075846,-0.228865712154862,-0.180272230628916,-0.15390911324656,1.06,1.24,1.89,2.31,19438643,3432968,3370444,1259855,20244900,42,3,15,102368,33.7,22.02,2805,2640229
2017-10-01,2021546,16841895,10535107,14764129,13417255,864575,327342,-0.26392280374251,-0.324451691179851,-0.251344511700738,-0.216306621720756,-0.196428506940963,1.06,1.31,1.92,2.33,19692595,3500142,3398886,1264582,20492747,39,3,12,102696,33.6,22.18,2799,2668855
2018-01-01,2051989,17058165,10714677,14918800,13666091,747993,327848,-0.300338219246572,-0.398882333477228,-0.425351405055498,-0.43580326874465,-0.458603700175707,1.33,1.76,2.2,2.4,20037088,3574446,3466137,1290690,21089643,42,3,13,103117,33.7,22.3,2794,2732168
2018-04-01,1987756,17268180,10808121,15202619,13793215,900781,328219,-0.259754781093741,-0.336640003952625,-0.355577578293212,-0.370110891926661,-0.395506042655567,1.67,2.09,2.56,2.74,20328553,3645635,3513876,1316193,21195070,42,3,14,103624,33.7,22.49,2792,2810324
2018-07-01,2017635,17488446,10938714,15425727,13930438,972631,328692,-0.142410220304452,-0.221995741478362,-0.320745863500175,-0.348203949694824,-0.36815017539221,1.91,2.33,2.73,2.85,20580912,3662727,3570715,1334726,21516058,36,3,15,104217,33.8,22.66,2798,2846516
2018-10-01,2039255,17693469,11070378,15605568,14017778,1053731,329216,-0.0822649907913324,-0.150684842919223,-0.270218875363223,-0.290448120730504,-0.288822913899129,2.18,2.6,2.96,3.09,20798730,3788692,3626086,1358909,21974096,27,3,15,104551,33.7,22.86,2805,2870365
2019-01-01,2069109,18012372,11169036,15924988,14051596,1338948,329659,-0.304816674827109,-0.459551967111677,-0.563780116494812,-0.551765270771273,-0.518217795315261,2.4,2.63,2.51,2.69,20917867,3802028,3650847,1375352,22027880,51,3,18,104891,33.7,23.11,2808,2898677
2019-04-01,2079842,18226589,11394676,16043578,14248569,1263703,329977,-0.30226902812283,-0.471670603459522,-0.633915302090947,-0.644460839465384,-0.631923147276778,2.41,2.41,2.31,2.49,21111600,3850770,3702934,1403184,22023283,58,3,12,105222,33.7,23.29,2811,2932410
2019-07-01,2088037,18324297,11402784,16103730,14408679,1142278,330393,-0.398717784846631,-0.610957383832828,-0.782353323876473,-0.789165785230075,-0.777975506578313,2.39,1.94,1.79,2.03,21397938,3903996,3761243,1408036,22719402,55,3,12,105521,33.7,23.48,2833,3000782
2019-10-01,2110233,18477277,11492868,16282709,14590632,1135657,330904,-0.465166164602148,-0.727343619400409,-1.00895961221263,-1.06760447420298,-1.11239856675431,1.88,1.73,1.51,1.65,21717171,3939599,3814837,1426884,23201380,53,3,18,105816,33.6,23.68,2852,3031120
2020-01-01,2173772,18593983,11633836,16358063,14774762,1020087,331345,-0.367171010259127,-0.549635259606599,-0.712489923531905,-0.739855664875094,-0.761193224474284,1.55,1.59,1.69,1.92,21933217,3880570,3864968,1439895,23223813,57,3,14,106124,33.6,23.84,2837,3010301
2020-04-01,2159246,18584432,11631132,16370072,13810544,2032233,331667,-0.483046160525538,-0.744913740097072,-1.07544617447403,-1.18476105002585,-1.30500561670606,0.06,0.16,0.37,0.62,21727657,3801997,3943012,1459279,26477241,58,3,16,105112,33.5,24.13,2876,2961131
2020-07-01,1977347,19934459,11363575,17765256,14040802,3260532,331795,-0.458980289970175,-0.712592426430666,-1.01161353896481,-1.09290658727307,-1.17854111448986,0.08,0.16,0.31,0.69,19935444,3270358,4025974,1567725,26945391,83,6,15,94208,34,24.78,2883,2734481
2020-10-01,2171468,19736766,11666027,17451726,14675370,2294278,332017,-0.423421630067809,-0.674854077817791,-0.996387787377194,-1.07820584865532,-1.15784449162928,0.09,0.12,0.27,0.68,21684551,3901347,4001570,1526503,27747798,53,6,15,97523,34.1,24.82,3123,2852216
2021-01-01,2288297,19735318,12075307,17319123,14827338,2037963,332113,-0.35046286157009,-0.549305455998996,-0.747387067856039,-0.767255316997717,-0.780596818928463,0.09,0.1,0.36,0.93,22068767,4046349,4027995,1538559,28132570,60,6,15,98505,34.2,25.17,2897,2934089
2021-04-01,2471212,24457167,12119515,21875422,15712357,5671700,332074,-0.257431934367619,-0.281132831556906,-0.0206960497205316,0.115542701310849,0.230957271864797,0.07,0.06,0.9,1.69,22656793,4045497,4147626,1613433,28529436,43,6,15,99696,34.4,25.35,2885,3000219
2021-07-01,2644448,20927421,12521817,18217579,16183559,1523460,332299,-0.327346768515696,-0.399019862105725,-0.292720673850003,-0.247408063698483,-0.233071013794801,0.1,0.09,0.89,1.48,23368861,4017581,4170015,1597407,28428919,55,6,15,100795,34.3,25.81,2888,3067327
2021-10-01,2733671,21080345,12777764,18308057,16477524,1315728,332805,-0.392138513020326,-0.465893581125965,-0.331919260552644,-0.296524200945732,-0.306309826159379,0.08,0.09,0.93,1.48,23921991,4232825,4213970,1584959,29617215,55,6,15,102354,34.2,26.3,2886,3085885
2022-01-01,2834873,21422305,13126676,18540675,16905459,1119609,333260,-0.293263187278145,-0.384582213705354,-0.476847266379156,-0.547232038674561,-0.652268610548062,0.07,0.39,1.26,1.52,24777038,4599184,4282318,1616937,30400960,58,7,15,104095,34.2,26.76,2881,3162920
2022-04-01,3219173,21674728,13227283,18390626,17371426,491231,333610,0.105018423862593,0.0359374427189789,-0.478204585032882,-0.70463084054514,-0.908699847200583,0.33,1.72,2.55,2.39,25215491,4784820,4332610,1606486,30568582,55,6,14,105445,34.1,27.12,2869,3319478
2022-07-01,3265104,21956348,13332979,18678391,17747620,370501,334168,-0.168337465634721,-0.286963722992106,-0.480899758461222,-0.517518312692634,-0.5247697755952,1.58,2.79,2.88,2.88,25805791,4786542,4437609,1622073,30928912,53,6,15,106077,34,27.53,2852,3443770
2022-10-01,3264570,22431814,13701420,19216750,17987206,600946,334912,-0.0808668970975672,-0.18953145533509,-0.441732785209638,-0.493593775374103,-0.494038789235999,3.08,4.05,4.06,3.83,26272011,4801624,4480050,1641380,31419689,55,6,15,106873,34,27.85,2863,3563950
2023-01-01,3226167,22718608,13688922,19533360,18134604,715777,335604,-0.222984753844701,-0.412632932482352,-0.648796127903689,-0.640167068506966,-0.560246047412748,4.33,4.73,3.99,3.88,26734277,4911900,4564792,1694203,31458438,68,6,12,107390,33.8,28.23,2873,3643894
2023-04-01,2905043,23104380,13934138,20284973,18511313,1079838,336232,-0.383769283836063,-0.633720460615971,-0.840948734397361,-0.808232653765879,-0.71032964275466,4.83,4.64,3.6,3.48,27164359,4847210,4624586,1731621,32332274,68,6,18,107892,33.8,28.59,2897,3742299
2023-07-01,2887676,23372515,14168947,20533637,18742097,1026989,336925,-0.092693177211566,-0.402926169813524,-0.845164154015236,-0.852000585352547,-0.747633439081809,5.08,5.4,4.13,3.81,27453815,4925665,4645905,1741785,33167334,65,6,15,108246,33.8,28.89,2923,3833706
2023-10-01,2919943,23636161,14386155,20757366,19024890,906304,337800,0.0254138909216604,-0.100124265509735,-0.196096512056473,-0.0704166852550294,0.162871087632657,5.33,5.46,4.6,4.59,27967697,5063353,4756448,1780921,34001494,65,6,12,108553,33.8,29.16,2948,3848821
2024-01-01,2952220,23903073,14546478,20996351,19289914,919944,338626,-0.364422804367941,-0.563284077695799,-0.601277023261572,-0.494516898227177,-0.32416771230887,5.33,4.79,3.84,3.88,28296967,5102814,4815150,1796179,34586533,58,6,15,108871,33.8,29.48,2966,3901469
2024-04-01,3029856,24474909,14948135,21492288,19553172,1124509,339378,-0.165511285117645,-0.307774020324112,-0.405619326155805,-0.324086930098856,-0.163734338939693,5.33,5.06,4.34,4.33,28624069,5159903,4880960,1810259,34831634,20,2,12,109273,33.8,29.8,2997,3957828
2024-07-01,3078799,24626724,14967613,21607723,19747490,1030624,340213,-0.123828878244029,-0.238223404567061,-0.275036260911107,-0.162034801976934,0.033149698545472,5.33,5.1,4.44,4.48,29016714,5297844,4943041,1842179,35464674,NA,NA,NA,109570,33.7,30.07,3000,4018471
2024-10-01,3110956,24779699,15082842,21712516,20044053,830673,340825,-0.39172432697652,-0.519361676400324,-0.413052058088952,-0.293427571143022,-0.142260397211801,4.83,3.96,3.51,3.74,29374914,5345165,5035008,1893446,36218605,NA,NA,NA,109815,33.7,30.38,3008,4089446
2025-01-01,3167462,25080601,15287183,21965184,20408100,724060,341320,0.0051031058242641,0.0327841713402783,0.191981987305781,0.319033940536677,0.491350926319911,4.33,4.16,4.38,4.58,29723864,5288763,5099730,1924702,36214310,NA,NA,NA,110284,33.7,30.67,3012,4073923
2025-04-01,NA,25537754,15483036,22361682,20653310,872275,341729,-0.104357940584797,-0.139772981401863,-0.00616631574278026,0.136776707619647,0.330273656310329,4.33,4.01,3.91,4.17,NA,NA,NA,NA,NA,NA,NA,NA,NA,NA,NA,NA,4179464
